Codon,Syn_value
TTT,0.333333333
TCT,1
TAT,0.333333333
TGT,0.333333333
TTC,0.333333333
TCC,1
TAC,0.333333333
TGC,0.333333333
TTA,0.666666667
TCA,1
TAA,-1
TGA,-1
TTG,0.666666667
TCG,1
TAG,-1
TGG,0
CTT,1
CCT,1
CAT,0.333333333
CGT,1
CTC,1
CCC,1
CAC,0.333333333
CGC,1
CTA,1.333333333
CCA,1
CAA,0.333333333
CGA,1.333333333
CTG,1.333333333
CCG,1
CAG,0.333333333
CGG,1.333333333
ATT,0.666666667
ACT,1
AAT,0.333333333
AGT,0.333333333
ATC,0.666666667
ACC,1
AAC,0.333333333
AGC,0.333333333
ATA,0.666666667
ACA,1
AAA,0.333333333
AGA,0.666666667
ATG,0
ACG,1
AAG,0.333333333
AGG,0.666666667
GTT,1
GCT,1
GAT,0.333333333
GGT,1
GTC,1
GCC,1
GAC,0.333333333
GGC,1
GTA,1
GCA,1
GAA,0.333333333
GGA,1
GTG,1
GCG,1
GAG,0.333333333
GGG,1
